Date,Link
22-2,https://www.google.com/search?q=formula+1&biw=1536&bih=714&sxsrf=ALiCzsbvymBdrgjICvqbZie0oxvU2wqSWw%3A1665215063826&source=lnt&tbs=cdr%3A1%2Ccd_min%3A2%2F22%2F2022%2Ccd_max%3A2%2F22%2F2022&tbm=nws
23-2,https://www.google.com/search?q=formula+1&biw=1536&bih=714&sxsrf=ALiCzsaCKpsjPi_fg78JDS_NSoDH1szdRg%3A1665215641703&source=lnt&tbs=cdr%3A1%2Ccd_min%3A2%2F23%2F2022%2Ccd_max%3A2%2F23%2F2022&tbm=nws
24-2,https://www.google.com/search?q=formula+1&biw=1536&bih=714&sxsrf=ALiCzsab4DLb8Bj8mrdDBTNZetON-_3B7w%3A1665215654315&source=lnt&tbs=cdr%3A1%2Ccd_min%3A2%2F24%2F2022%2Ccd_max%3A2%2F24%2F2022&tbm=nws
25-2,https://www.google.com/search?q=formula+1&biw=1536&bih=714&sxsrf=ALiCzsa6CW-Cgcx81_GZOte7eusbZQFJSw%3A1665215664938&source=lnt&tbs=cdr%3A1%2Ccd_min%3A2%2F25%2F2022%2Ccd_max%3A2%2F25%2F2022&tbm=nws
26-2,https://www.google.com/search?q=formula+1&biw=1536&bih=714&sxsrf=ALiCzsahkWKXW5zS4Ydjy55leUAr5nksOQ%3A1665215674493&source=lnt&tbs=cdr%3A1%2Ccd_min%3A2%2F26%2F2022%2Ccd_max%3A2%2F26%2F2022&tbm=nws
9-3,https://www.google.com/search?q=formula+1&biw=1536&bih=714&sxsrf=ALiCzsanvMvmGTineO_omTZewzc1XBxF2w%3A1665215686118&source=lnt&tbs=cdr%3A1%2Ccd_min%3A3%2F9%2F2022%2Ccd_max%3A3%2F9%2F2022&tbm=nws
10-3,https://www.google.com/search?q=formula+1&biw=1536&bih=714&sxsrf=ALiCzsYclYjtqep7q2tgoeZKJgMJ1dqrkQ%3A1665215715227&source=lnt&tbs=cdr%3A1%2Ccd_min%3A3%2F10%2F2022%2Ccd_max%3A3%2F10%2F2022&tbm=nws
11-3,https://www.google.com/search?q=formula+1&biw=1536&bih=714&sxsrf=ALiCzsYhUMjSz9nvqM7qau5cgkiAk86Huw%3A1665215724320&source=lnt&tbs=cdr%3A1%2Ccd_min%3A3%2F11%2F2022%2Ccd_max%3A3%2F11%2F2022&tbm=nws
12-3,https://www.google.com/search?q=formula+1&biw=1536&bih=714&sxsrf=ALiCzsZRalZc-k-Wcui9FTKTDDxPjo5t2A%3A1665215732913&source=lnt&tbs=cdr%3A1%2Ccd_min%3A3%2F12%2F2022%2Ccd_max%3A3%2F12%2F2022&tbm=nws
13-3,https://www.google.com/search?q=formula+1&biw=1536&bih=714&sxsrf=ALiCzsY2n4JdABmDgKi7j3m1zOwjfHxMWg%3A1665215743230&source=lnt&tbs=cdr%3A1%2Ccd_min%3A3%2F13%2F2022%2Ccd_max%3A3%2F13%2F2022&tbm=nws
17-3,https://www.google.com/search?q=formula+1&biw=1536&bih=714&sxsrf=ALiCzsZ1v2i8pX9lhaPuG0e4lK7UdCNDRg%3A1665215768544&source=lnt&tbs=cdr%3A1%2Ccd_min%3A3%2F17%2F2022%2Ccd_max%3A3%2F17%2F2022&tbm=nws
18-3,https://www.google.com/search?q=formula+1&biw=1536&bih=714&sxsrf=ALiCzsae3hnFcfjoJWVoFjFsTDMfvM_kzQ%3A1665215778870&source=lnt&tbs=cdr%3A1%2Ccd_min%3A3%2F18%2F2022%2Ccd_max%3A3%2F18%2F2022&tbm=nws
19-3,https://www.google.com/search?q=formula+1&biw=1536&bih=714&sxsrf=ALiCzsbR7Dukre8MBy1PcBiUZfIi6kTtEw%3A1665215799927&source=lnt&tbs=cdr%3A1%2Ccd_min%3A3%2F19%2F2022%2Ccd_max%3A3%2F19%2F2022&tbm=nws
20-3,https://www.google.com/search?q=formula+1&biw=1536&bih=714&sxsrf=ALiCzsbzwZhwQDXtbrSZVTNrpIRuNbKDwA%3A1665215810171&source=lnt&tbs=cdr%3A1%2Ccd_min%3A3%2F20%2F2022%2Ccd_max%3A3%2F20%2F2022&tbm=nws
21-3,https://www.google.com/search?q=formula+1&biw=1536&bih=714&sxsrf=ALiCzsbLl-mQMevt8Frx9u66_WFjoQ-A1w%3A1665215819600&source=lnt&tbs=cdr%3A1%2Ccd_min%3A3%2F21%2F2022%2Ccd_max%3A3%2F21%2F2022&tbm=nws
24-3,https://www.google.com/search?q=formula+1&biw=1536&bih=714&sxsrf=ALiCzsYh2-9pTX4gt7uz1PmN5aGL4Zy1ug%3A1665215829117&source=lnt&tbs=cdr%3A1%2Ccd_min%3A3%2F24%2F2022%2Ccd_max%3A3%2F24%2F2022&tbm=nws
25-3,https://www.google.com/search?q=formula+1&biw=1536&bih=714&sxsrf=ALiCzsa_MbiUr3FTFUb4RXYzVduj7xgI9w%3A1665215838147&source=lnt&tbs=cdr%3A1%2Ccd_min%3A3%2F25%2F2022%2Ccd_max%3A3%2F25%2F2022&tbm=nws
26-3,https://www.google.com/search?q=formula+1&biw=1536&bih=714&sxsrf=ALiCzsbmwa3faJy1PF8mY4jFiTQ1upCPTg%3A1665215847725&source=lnt&tbs=cdr%3A1%2Ccd_min%3A3%2F26%2F2022%2Ccd_max%3A3%2F26%2F2022&tbm=nws
27-3,https://www.google.com/search?q=formula+1&biw=1536&bih=714&sxsrf=ALiCzsaOS6mjQMCtxNVhr4ISIhBAZhqaEw%3A1665215859276&source=lnt&tbs=cdr%3A1%2Ccd_min%3A3%2F27%2F2022%2Ccd_max%3A3%2F27%2F2022&tbm=nws
28-3,https://www.google.com/search?q=formula+1&biw=1536&bih=714&sxsrf=ALiCzsYLSHFGixtZ5P-UCif_FmjRugkBKQ%3A1665215874241&source=lnt&tbs=cdr%3A1%2Ccd_min%3A3%2F28%2F2022%2Ccd_max%3A3%2F28%2F2022&tbm=nws
07-04,https://www.google.com/search?q=formula+1&biw=1536&bih=714&sxsrf=ALiCzsbuQ70ARBS5Wu1wuNhSEHjvimJVtQ%3A1665215885069&source=lnt&tbs=cdr%3A1%2Ccd_min%3A4%2F7%2F2022%2Ccd_max%3A4%2F7%2F2022&tbm=nws
08-04,https://www.google.com/search?q=formula+1&biw=1536&bih=714&sxsrf=ALiCzsahOAagvBqVkLiqHL974BrqLlUTAw%3A1665215936327&source=lnt&tbs=cdr%3A1%2Ccd_min%3A4%2F8%2F2022%2Ccd_max%3A4%2F8%2F2022&tbm=nws
09-04,https://www.google.com/search?q=formula+1&biw=1536&bih=714&sxsrf=ALiCzsbL1UNZaNWClJnl7wVWrQH6tkZsNg%3A1665215947859&source=lnt&tbs=cdr%3A1%2Ccd_min%3A4%2F9%2F2022%2Ccd_max%3A4%2F9%2F2022&tbm=nws
10-4,https://www.google.com/search?q=formula+1&biw=1536&bih=714&sxsrf=ALiCzsYJnW5Nvu7ZeAby-z9bKrIfURnhMQ%3A1665216065200&source=lnt&tbs=cdr%3A1%2Ccd_min%3A4%2F10%2F2022%2Ccd_max%3A4%2F10%2F2022&tbm=nws
11-4,https://www.google.com/search?q=formula+1&biw=1536&bih=714&sxsrf=ALiCzsb371l-i8k-ALkg5nWoD5qdglrBFQ%3A1665216058575&source=lnt&tbs=cdr%3A1%2Ccd_min%3A4%2F11%2F2022%2Ccd_max%3A4%2F11%2F2022&tbm=nws
21-4,https://www.google.com/search?q=formula+1&biw=767&bih=700&sxsrf=ALiCzsYavYMvFFNtO7Q7CiwsDq6lxArE-A%3A1665216444313&source=lnt&tbs=cdr%3A1%2Ccd_min%3A4%2F21%2F2022%2Ccd_max%3A4%2F21%2F2022&tbm=nws
22-4,https://www.google.com/search?q=formula+1&biw=767&bih=700&sxsrf=ALiCzsaiGWzSdygxEFLNJevpc2Kyendn1A%3A1665216527223&source=lnt&tbs=cdr%3A1%2Ccd_min%3A4%2F22%2F2022%2Ccd_max%3A4%2F22%2F2022&tbm=nws
23-4,https://www.google.com/search?q=formula+1&biw=767&bih=700&sxsrf=ALiCzsY80YabbNDJG_TqwIP7e4AAKyFl5w%3A1665216540361&source=lnt&tbs=cdr%3A1%2Ccd_min%3A4%2F23%2F2022%2Ccd_max%3A4%2F23%2F2022&tbm=nws
24-4,https://www.google.com/search?q=formula+1&biw=767&bih=700&sxsrf=ALiCzsZenvYyuxMUkgxd4r86H__GRu9dXg%3A1665216550892&source=lnt&tbs=cdr%3A1%2Ccd_min%3A4%2F24%2F2022%2Ccd_max%3A4%2F24%2F2022&tbm=nws
25-4,https://www.google.com/search?q=formula+1&biw=767&bih=700&sxsrf=ALiCzsanqTIMWNDsOzyilB8dZSVqbygNHw%3A1665216561305&source=lnt&tbs=cdr%3A1%2Ccd_min%3A4%2F25%2F2022%2Ccd_max%3A4%2F25%2F2022&tbm=nws
05-05,https://www.google.com/search?q=formula+1&biw=767&bih=700&sxsrf=ALiCzsY5ZZxCof0Z1MF703cVHMomyxSoWA%3A1665216571254&source=lnt&tbs=cdr%3A1%2Ccd_min%3A5%2F5%2F2022%2Ccd_max%3A5%2F5%2F2022&tbm=nws
06-05,https://www.google.com/search?q=formula+1&biw=767&bih=700&sxsrf=ALiCzsbb4d57BSZigo05Pkct2Cyk33vZ9A%3A1665216580646&source=lnt&tbs=cdr%3A1%2Ccd_min%3A5%2F6%2F2022%2Ccd_max%3A5%2F6%2F2022&tbm=nws
07-05,https://www.google.com/search?q=formula+1&biw=767&bih=700&sxsrf=ALiCzsagNQNPBYt3nsCuzDZt9bnGFqz_5g%3A1665216591101&source=lnt&tbs=cdr%3A1%2Ccd_min%3A5%2F7%2F2022%2Ccd_max%3A5%2F7%2F2022&tbm=nws
08-05,https://www.google.com/search?q=formula+1&biw=767&bih=700&sxsrf=ALiCzsaemcSDNBc6MuNjnHFIyP_-hiLzYw%3A1665216601121&source=lnt&tbs=cdr%3A1%2Ccd_min%3A5%2F8%2F2022%2Ccd_max%3A5%2F8%2F2022&tbm=nws
09-05,https://www.google.com/search?q=formula+1&biw=767&bih=700&sxsrf=ALiCzsYpeQYOjhI2DXCZIqeLOxWVEBjJrg%3A1665216610179&source=lnt&tbs=cdr%3A1%2Ccd_min%3A5%2F9%2F2022%2Ccd_max%3A5%2F9%2F2022&tbm=nws
19-05,https://www.google.com/search?q=formula+1&biw=767&bih=700&sxsrf=ALiCzsYJlmn17kAFVbZLYe9ZMtVFpDu8qQ%3A1665216619513&source=lnt&tbs=cdr%3A1%2Ccd_min%3A5%2F19%2F2022%2Ccd_max%3A5%2F19%2F2022&tbm=nws
20-05,https://www.google.com/search?q=formula+1&biw=767&bih=700&sxsrf=ALiCzsaWd-EqeTcnn0PDMNg4sALx2sQNnA%3A1665216632183&source=lnt&tbs=cdr%3A1%2Ccd_min%3A5%2F20%2F2022%2Ccd_max%3A5%2F20%2F2022&tbm=nws
21-05,https://www.google.com/search?q=formula+1&biw=767&bih=700&sxsrf=ALiCzsa-EXmh4BkytHfl5INfZdgbJAl8LQ%3A1665216642883&source=lnt&tbs=cdr%3A1%2Ccd_min%3A5%2F21%2F2022%2Ccd_max%3A5%2F21%2F2022&tbm=nws
22-05,https://www.google.com/search?q=formula+1&biw=767&bih=700&sxsrf=ALiCzsZ6Oc8aefcUPI9m55QeKUI1MuI5-A%3A1665216652414&source=lnt&tbs=cdr%3A1%2Ccd_min%3A5%2F22%2F2022%2Ccd_max%3A5%2F22%2F2022&tbm=nws
23-05,https://www.google.com/search?q=formula+1&biw=767&bih=700&sxsrf=ALiCzsYe-Hp7cjxSt6eMf7O5O5K6--vKUA%3A1665216665632&source=lnt&tbs=cdr%3A1%2Ccd_min%3A5%2F23%2F2022%2Ccd_max%3A5%2F23%2F2022&tbm=nws
26-05,https://www.google.com/search?q=formula+1&biw=767&bih=700&sxsrf=ALiCzsY7HLlWHC8OnqnZlzEvdGF9pU7s0A%3A1665216674516&source=lnt&tbs=cdr%3A1%2Ccd_min%3A5%2F26%2F2022%2Ccd_max%3A5%2F26%2F2022&tbm=nws
27-05,https://www.google.com/search?q=formula+1&biw=767&bih=700&sxsrf=ALiCzsaBP-Ui_B-CVjJ__yitCaq86x0HEg%3A1665216688368&source=lnt&tbs=cdr%3A1%2Ccd_min%3A5%2F27%2F2022%2Ccd_max%3A5%2F27%2F2022&tbm=nws
28-05,https://www.google.com/search?q=formula+1&biw=767&bih=700&sxsrf=ALiCzsYiDvxwlS4kTV0wJ7fMZF_7oy28WQ%3A1665216697466&source=lnt&tbs=cdr%3A1%2Ccd_min%3A5%2F28%2F2022%2Ccd_max%3A5%2F28%2F2022&tbm=nws
29-05,https://www.google.com/search?q=formula+1&biw=767&bih=700&sxsrf=ALiCzsbRTkB_wczEwQMZBs41Uyvgkrsixg%3A1665216704771&source=lnt&tbs=cdr%3A1%2Ccd_min%3A5%2F29%2F2022%2Ccd_max%3A5%2F29%2F2022&tbm=nws
30-05,https://www.google.com/search?q=formula+1&biw=767&bih=700&sxsrf=ALiCzsZKfuC0Debnk5OFSNFj17QfEB1pNg%3A1665216713649&source=lnt&tbs=cdr%3A1%2Ccd_min%3A5%2F30%2F2022%2Ccd_max%3A5%2F30%2F2022&tbm=nws
09-06,https://www.google.com/search?q=formula+1&biw=767&bih=700&sxsrf=ALiCzsYX24Scef658mvncjn-kBk6mMPvMg%3A1665216796333&source=lnt&tbs=cdr%3A1%2Ccd_min%3A6%2F9%2F2022%2Ccd_max%3A6%2F9%2F2022&tbm=nws
10-06,https://www.google.com/search?q=formula+1&biw=767&bih=700&sxsrf=ALiCzsb1EQxDFYlT48cTbZfXs9RS7VddUA%3A1665216805727&source=lnt&tbs=cdr%3A1%2Ccd_min%3A6%2F10%2F2022%2Ccd_max%3A6%2F10%2F2022&tbm=nws
11-06,https://www.google.com/search?q=formula+1&biw=767&bih=700&sxsrf=ALiCzsZws3LYfjqoMkL-8E8qGqIl1lSE0Q%3A1665216814459&source=lnt&tbs=cdr%3A1%2Ccd_min%3A6%2F11%2F2022%2Ccd_max%3A6%2F11%2F2022&tbm=nws
12-06,https://www.google.com/search?q=formula+1&biw=767&bih=700&sxsrf=ALiCzsZgStTRErUWqQk5v5ikRheirH4x2w%3A1665216828720&source=lnt&tbs=cdr%3A1%2Ccd_min%3A6%2F12%2F2022%2Ccd_max%3A6%2F12%2F2022&tbm=nws
13-06,https://www.google.com/search?q=formula+1&biw=767&bih=700&sxsrf=ALiCzsbHkubK6RdXWqfiCy-NEbGh8WGZhQ%3A1665216836370&source=lnt&tbs=cdr%3A1%2Ccd_min%3A6%2F13%2F2022%2Ccd_max%3A6%2F13%2F2022&tbm=nws
16-06,https://www.google.com/search?q=formula+1&biw=767&bih=700&sxsrf=ALiCzsaUb_9ChjR9sdyXPBKsFku7q7wlEg%3A1665216874081&source=lnt&tbs=cdr%3A1%2Ccd_min%3A6%2F16%2F2022%2Ccd_max%3A6%2F16%2F2022&tbm=nws
17-06,https://www.google.com/search?q=formula+1&biw=767&bih=700&sxsrf=ALiCzsbXZ6t3C9Ta2KwJDZTTFJC4dQFMPg%3A1665216886642&source=lnt&tbs=cdr%3A1%2Ccd_min%3A6%2F17%2F2022%2Ccd_max%3A6%2F17%2F2022&tbm=nws
18-06,https://www.google.com/search?q=formula+1&biw=767&bih=700&sxsrf=ALiCzsZQBxWBZfElP_sYMtTyASvIuQXZPA%3A1665216904509&source=lnt&tbs=cdr%3A1%2Ccd_min%3A6%2F18%2F2022%2Ccd_max%3A6%2F18%2F2022&tbm=nws
19-06,https://www.google.com/search?q=formula+1&biw=767&bih=700&sxsrf=ALiCzsaC3ldLKzy_BFyjSLlkjEypq-4wNQ%3A1665216912764&source=lnt&tbs=cdr%3A1%2Ccd_min%3A6%2F19%2F2022%2Ccd_max%3A6%2F19%2F2022&tbm=nws
20-06,https://www.google.com/search?q=formula+1&biw=767&bih=700&sxsrf=ALiCzsb-kRpVBEw-GRN2fgF9s_3_diHhxQ%3A1665216924243&source=lnt&tbs=cdr%3A1%2Ccd_min%3A6%2F20%2F2022%2Ccd_max%3A6%2F20%2F2022&tbm=nws
30-06,https://www.google.com/search?q=formula+1&biw=767&bih=700&sxsrf=ALiCzsZFsps-V01o3ywNsZrwwVQVb7nRMg%3A1665216932784&source=lnt&tbs=cdr%3A1%2Ccd_min%3A6%2F30%2F2022%2Ccd_max%3A6%2F30%2F2022&tbm=nws
01-07,https://www.google.com/search?q=formula+1&biw=767&bih=700&sxsrf=ALiCzsaj3QLhNc-xIRTmyw7zZPhBOOkKUA%3A1665216941021&source=lnt&tbs=cdr%3A1%2Ccd_min%3A7%2F1%2F2022%2Ccd_max%3A7%2F1%2F2022&tbm=nws
02-07,https://www.google.com/search?q=formula+1&biw=767&bih=700&sxsrf=ALiCzsbUsPZWKsSYrLT51Ia8XZ01DBm4ZA%3A1665216955614&source=lnt&tbs=cdr%3A1%2Ccd_min%3A7%2F2%2F2022%2Ccd_max%3A7%2F2%2F2022&tbm=nws
03-07,https://www.google.com/search?q=formula+1&biw=767&bih=700&sxsrf=ALiCzsaykJmna1oXng7YE4ZpYBN6GKtZEw%3A1665216966235&source=lnt&tbs=cdr%3A1%2Ccd_min%3A7%2F3%2F2022%2Ccd_max%3A7%2F3%2F2022&tbm=nws
04-07,https://www.google.com/search?q=formula+1&biw=767&bih=700&sxsrf=ALiCzsbWHDL1wO6uSDcExFF_RtgkQSdFoQ%3A1665216991074&source=lnt&tbs=cdr%3A1%2Ccd_min%3A7%2F4%2F2022%2Ccd_max%3A7%2F4%2F2022&tbm=nws
07-07,https://www.google.com/search?q=formula+1&biw=767&bih=700&sxsrf=ALiCzsZPnvvhLNX_MPN3fazkHn3fSA1_Kg%3A1665216999014&source=lnt&tbs=cdr%3A1%2Ccd_min%3A7%2F7%2F2022%2Ccd_max%3A7%2F7%2F2022&tbm=nws
08-07,https://www.google.com/search?q=formula+1&biw=767&bih=700&sxsrf=ALiCzsZCK2PZ9VlM2BbteT2Po2bZxEyKug%3A1665217010067&source=lnt&tbs=cdr%3A1%2Ccd_min%3A7%2F8%2F2022%2Ccd_max%3A7%2F8%2F2022&tbm=nws
09-07,https://www.google.com/search?q=formula+1&biw=767&bih=700&sxsrf=ALiCzsZCg4wyN7xFFnhS8kZYTqV-0vaZSQ%3A1665217019196&source=lnt&tbs=cdr%3A1%2Ccd_min%3A7%2F9%2F2022%2Ccd_max%3A7%2F9%2F2022&tbm=nws
10-07,https://www.google.com/search?q=formula+1&biw=767&bih=700&sxsrf=ALiCzsZkahyI2swhGr7kprXJ1pZUwKOvbA%3A1665217027949&source=lnt&tbs=cdr%3A1%2Ccd_min%3A7%2F10%2F2022%2Ccd_max%3A7%2F10%2F2022&tbm=nws
11-07,https://www.google.com/search?q=formula+1&biw=767&bih=700&sxsrf=ALiCzsYx6PlabYT2bxnbOYiiodTGOmriDg%3A1665217035964&source=lnt&tbs=cdr%3A1%2Ccd_min%3A7%2F11%2F2022%2Ccd_max%3A7%2F11%2F2022&tbm=nws
21-07,https://www.google.com/search?q=formula+1&biw=767&bih=700&sxsrf=ALiCzsZOvijKljPX9lrs2oa9-fcRMwxmcw%3A1665217043873&source=lnt&tbs=cdr%3A1%2Ccd_min%3A7%2F21%2F2022%2Ccd_max%3A7%2F21%2F2022&tbm=nws
22-07,https://www.google.com/search?q=formula+1&biw=767&bih=700&sxsrf=ALiCzsZhz8frQUsgZeJce4tRRXbDsuEXMA%3A1665217105065&source=lnt&tbs=cdr%3A1%2Ccd_min%3A7%2F22%2F2022%2Ccd_max%3A7%2F22%2F2022&tbm=nws
23-07,https://www.google.com/search?q=formula+1&biw=767&bih=700&sxsrf=ALiCzsaAf5RuIGPWIC_RXALgwm-TqZN0_g%3A1665217112840&source=lnt&tbs=cdr%3A1%2Ccd_min%3A7%2F23%2F2022%2Ccd_max%3A7%2F23%2F2022&tbm=nws
24-07,https://www.google.com/search?q=formula+1&biw=767&bih=700&sxsrf=ALiCzsZOAWks0X0uBmvQDzwasLYDu84nFA%3A1665217121570&source=lnt&tbs=cdr%3A1%2Ccd_min%3A7%2F24%2F2022%2Ccd_max%3A7%2F24%2F2022&tbm=nws
25-07,https://www.google.com/search?q=formula+1&biw=767&bih=700&sxsrf=ALiCzsZn8kmZmbDrMS1ZeuXDKfMQws_qEw%3A1665217151644&source=lnt&tbs=cdr%3A1%2Ccd_min%3A7%2F25%2F2022%2Ccd_max%3A7%2F25%2F2022&tbm=nws
28-07,https://www.google.com/search?q=formula+1&biw=767&bih=700&sxsrf=ALiCzsaRpih1UskPDXLuCU3sfGK4DKRMnQ%3A1665217160437&source=lnt&tbs=cdr%3A1%2Ccd_min%3A7%2F28%2F2022%2Ccd_max%3A7%2F28%2F2022&tbm=nws
29-07,https://www.google.com/search?q=formula+1&biw=767&bih=700&sxsrf=ALiCzsa4_NV7pDROPsk6x9drvF_JZshb2A%3A1665217194732&source=lnt&tbs=cdr%3A1%2Ccd_min%3A7%2F29%2F2022%2Ccd_max%3A7%2F29%2F2022&tbm=nws
30-07,https://www.google.com/search?q=formula+1&biw=767&bih=700&sxsrf=ALiCzsY00RQG44iWr93oVCdNGO8fa6gd0g%3A1665217207305&source=lnt&tbs=cdr%3A1%2Ccd_min%3A7%2F30%2F2022%2Ccd_max%3A7%2F30%2F2022&tbm=nws
31-07,https://www.google.com/search?q=formula+1&biw=767&bih=700&sxsrf=ALiCzsYjEIV7swEMUYBjn7LMfHfEDtwlHA%3A1665217215036&source=lnt&tbs=cdr%3A1%2Ccd_min%3A7%2F31%2F2022%2Ccd_max%3A7%2F31%2F2022&tbm=nws
01-08,https://www.google.com/search?q=formula+1&biw=767&bih=700&sxsrf=ALiCzsZmZNPeEYZm2Xl7InylN8uJNIzP-Q%3A1665217223316&source=lnt&tbs=cdr%3A1%2Ccd_min%3A8%2F1%2F2022%2Ccd_max%3A8%2F1%2F2022&tbm=nws
25-08,https://www.google.com/search?q=formula+1&biw=767&bih=700&sxsrf=ALiCzsYX3J9omUlHGLGUyPqAizreSQ4a5g%3A1665217231955&source=lnt&tbs=cdr%3A1%2Ccd_min%3A8%2F25%2F2022%2Ccd_max%3A8%2F25%2F2022&tbm=nws
26-08,https://www.google.com/search?q=formula+1&biw=767&bih=700&sxsrf=ALiCzsZFz2Fv0QJn1x8kyCs0I6ckYr-iBQ%3A1665217271027&source=lnt&tbs=cdr%3A1%2Ccd_min%3A8%2F26%2F2022%2Ccd_max%3A8%2F26%2F2022&tbm=nws
27-08,https://www.google.com/search?q=formula+1&biw=767&bih=700&sxsrf=ALiCzsZPHxTnuiKAL66oklp6nCWOgxixWw%3A1665217280688&source=lnt&tbs=cdr%3A1%2Ccd_min%3A8%2F27%2F2022%2Ccd_max%3A8%2F27%2F2022&tbm=nws
28-08,https://www.google.com/search?q=formula+1&biw=767&bih=700&sxsrf=ALiCzsZWvk61SGWFerkrT96piVdtcKO2iA%3A1665217288599&source=lnt&tbs=cdr%3A1%2Ccd_min%3A8%2F28%2F2022%2Ccd_max%3A8%2F28%2F2022&tbm=nws
29-08,https://www.google.com/search?q=formula+1&biw=767&bih=700&sxsrf=ALiCzsbZ4-X0bOlHwuNedoq9SigMARL_Ug%3A1665217296231&source=lnt&tbs=cdr%3A1%2Ccd_min%3A8%2F29%2F2022%2Ccd_max%3A8%2F29%2F2022&tbm=nws
01-09,https://www.google.com/search?q=formula+1&biw=767&bih=700&sxsrf=ALiCzsbw5oozBj_Y_Z2YPvp-TdkRxdvdBQ%3A1665217305896&source=lnt&tbs=cdr%3A1%2Ccd_min%3A9%2F1%2F2022%2Ccd_max%3A9%2F1%2F2022&tbm=nws
02-09,https://www.google.com/search?q=formula+1&biw=767&bih=700&sxsrf=ALiCzsbX2j-GueHpgxXylwe9e_-ZpI8d5w%3A1665217314048&source=lnt&tbs=cdr%3A1%2Ccd_min%3A9%2F2%2F2022%2Ccd_max%3A9%2F2%2F2022&tbm=nws
03-09,https://www.google.com/search?q=formula+1&biw=767&bih=700&sxsrf=ALiCzsZt6f1KBBRQ-6kFSHQR_Q58TtswrQ%3A1665217322235&source=lnt&tbs=cdr%3A1%2Ccd_min%3A9%2F3%2F2022%2Ccd_max%3A9%2F3%2F2022&tbm=nws
04-09,https://www.google.com/search?q=formula+1&biw=767&bih=700&sxsrf=ALiCzsbiypbKf_MUKetzQ7Nw8-ofItHaRQ%3A1665217330176&source=lnt&tbs=cdr%3A1%2Ccd_min%3A9%2F4%2F2022%2Ccd_max%3A9%2F4%2F2022&tbm=nws
05-09,https://www.google.com/search?q=formula+1&biw=767&bih=700&sxsrf=ALiCzsY_C-VuNaP_k5ALRBKhNBJbJTqUvg%3A1665217340797&source=lnt&tbs=cdr%3A1%2Ccd_min%3A9%2F5%2F2022%2Ccd_max%3A9%2F5%2F2022&tbm=nws
08-09,https://www.google.com/search?q=formula+1&biw=767&bih=700&sxsrf=ALiCzsas00zrfpK5KeM1Sjr7zDJRwI8Ryw%3A1665217350440&source=lnt&tbs=cdr%3A1%2Ccd_min%3A9%2F8%2F2022%2Ccd_max%3A9%2F8%2F2022&tbm=nws
09-09,https://www.google.com/search?q=formula+1&biw=767&bih=700&sxsrf=ALiCzsYFJb6VHIMnPt9T8NViIAjtsi95Ow%3A1665217359292&source=lnt&tbs=cdr%3A1%2Ccd_min%3A9%2F9%2F2022%2Ccd_max%3A9%2F9%2F2022&tbm=nws
10-09,https://www.google.com/search?q=formula+1&biw=767&bih=700&sxsrf=ALiCzsbNvc7zFI2SIxWOKypAGuhWIiGmNg%3A1665217367455&source=lnt&tbs=cdr%3A1%2Ccd_min%3A9%2F10%2F2022%2Ccd_max%3A9%2F10%2F2022&tbm=nws
11-09,https://www.google.com/search?q=formula+1&biw=767&bih=700&sxsrf=ALiCzsbzg0N0s_tK3dIRvjnam_uK8pjTGw%3A1665217378110&source=lnt&tbs=cdr%3A1%2Ccd_min%3A9%2F11%2F2022%2Ccd_max%3A9%2F11%2F2022&tbm=nws
12-09,https://www.google.com/search?q=formula+1&biw=767&bih=700&sxsrf=ALiCzsYYaBS3UtX4e358o87UiAh16RBnMQ%3A1665217411975&source=lnt&tbs=cdr%3A1%2Ccd_min%3A9%2F12%2F2022%2Ccd_max%3A9%2F12%2F2022&tbm=nws
13-09,https://www.google.com/search?q=formula+1&biw=767&bih=700&sxsrf=ALiCzsa0ICmVIXZZvWVHBzkyhLlKGZVbVg%3A1665217426210&source=lnt&tbs=cdr%3A1%2Ccd_min%3A9%2F13%2F2022%2Ccd_max%3A9%2F13%2F2022&tbm=nws
14-09,https://www.google.com/search?q=formula+1&biw=767&bih=700&sxsrf=ALiCzsaH_FJm3SplIPsvShqRs64WMq9bdg%3A1665217437730&source=lnt&tbs=cdr%3A1%2Ccd_min%3A9%2F14%2F2022%2Ccd_max%3A9%2F14%2F2022&tbm=nws
15-09,https://www.google.com/search?q=formula+1&biw=767&bih=700&sxsrf=ALiCzsapMn9TxvVTHBVOJNmx5Mxo9j4yXw%3A1665217446030&source=lnt&tbs=cdr%3A1%2Ccd_min%3A9%2F15%2F2022%2Ccd_max%3A9%2F15%2F2022&tbm=nws
16-09,https://www.google.com/search?q=formula+1&biw=767&bih=700&sxsrf=ALiCzsbFW02Ezj8iQx1a7gkaqmn0UJm_CQ%3A1665217455804&source=lnt&tbs=cdr%3A1%2Ccd_min%3A9%2F16%2F2022%2Ccd_max%3A9%2F16%2F2022&tbm=nws
17-09,https://www.google.com/search?q=formula+1&biw=767&bih=700&sxsrf=ALiCzsbD4yxfwezKDYtN9xZdfnoFZ8ZfAA%3A1665217468456&source=lnt&tbs=cdr%3A1%2Ccd_min%3A9%2F17%2F2022%2Ccd_max%3A9%2F17%2F2022&tbm=nws
29-09,https://www.google.com/search?q=formula+1&biw=767&bih=700&sxsrf=ALiCzsbzKuT0J1ltyvuUeiAcvbwub1fW1A%3A1665217476908&source=lnt&tbs=cdr%3A1%2Ccd_min%3A9%2F29%2F2022%2Ccd_max%3A9%2F29%2F2022&tbm=nws
30-09,https://www.google.com/search?q=formula+1&biw=767&bih=700&sxsrf=ALiCzsaQi3QyRzWqSxF3yN3TAyYII_U3tQ%3A1665217490571&source=lnt&tbs=cdr%3A1%2Ccd_min%3A9%2F30%2F2022%2Ccd_max%3A9%2F30%2F2022&tbm=nws
01-10,https://www.google.com/search?q=formula+1&biw=767&bih=700&sxsrf=ALiCzsbwXdBOzge0wEHr8hxNOXzgfQxLvg%3A1665217503640&source=lnt&tbs=cdr%3A1%2Ccd_min%3A10%2F1%2F2022%2Ccd_max%3A10%2F1%2F2022&tbm=nws
02-10,https://www.google.com/search?q=formula+1&biw=767&bih=700&sxsrf=ALiCzsaX3YQrefl5iD5tEujBfLC0ZGbeGg%3A1665217514364&source=lnt&tbs=cdr%3A1%2Ccd_min%3A10%2F2%2F2022%2Ccd_max%3A10%2F2%2F2022&tbm=nws
03-10,https://www.google.com/search?q=formula+1&biw=767&bih=700&sxsrf=ALiCzsYg5rCZSAyy2SN7Im-hFu7virUK7A%3A1665217523393&source=lnt&tbs=cdr%3A1%2Ccd_min%3A10%2F3%2F2022%2Ccd_max%3A10%2F3%2F2022&tbm=nws